Payment,Total,Quantity,Unit_price,Customer_type,Product_line,Gender,City
Cash,35.196,1,33.52,Normal,Fashion_accessories,Male,Mandalay
Ewallet,91.056,1,86.72,Member,Home_and_lifestyle,Female,Mandalay
Ewallet,53.928,1,51.36,Member,Fashion_accessories,Male,Mandalay
Cash,75.7785,1,72.17,Member,Electronic_accessories,Male,Mandalay
Ewallet,57.1725,1,54.45,Normal,Sports_and_travel,Male,Mandalay
Credit_card,40.9605,1,39.01,Member,Health_and_beauty,Male,Mandalay
Cash,78.7185,1,74.97,Normal,Sports_and_travel,Male,Mandalay
Cash,79.611,1,75.82,Member,Sports_and_travel,Male,Mandalay
Ewallet,100.9155,1,96.11,Normal,Health_and_beauty,Male,Mandalay
Credit_card,49.812,1,47.44,Normal,Fashion_accessories,Female,Mandalay
Credit_card,20.1075,1,19.15,Member,Health_and_beauty,Female,Mandalay
Credit_card,28.4235,1,27.07,Member,Health_and_beauty,Female,Mandalay
Credit_card,41.076,1,39.12,Member,Sports_and_travel,Female,Mandalay
Cash,103.0365,1,98.13,Member,Sports_and_travel,Female,Mandalay
Credit_card,77.6685,1,73.97,Member,Sports_and_travel,Male,Mandalay
Credit_card,92.8725,1,88.45,Normal,Sports_and_travel,Male,Mandalay
Credit_card,77.658,1,73.96,Member,Fashion_accessories,Female,Mandalay
Credit_card,74.76,1,71.2,Normal,Food_and_beverages,Female,Mandalay
Cash,95.9175,1,91.35,Member,Fashion_accessories,Male,Mandalay
Cash,35.3115,1,33.63,Member,Fashion_accessories,Male,Mandalay
Cash,41.454,1,39.48,Member,Electronic_accessories,Female,Mandalay
Credit_card,36.5505,1,34.81,Normal,Sports_and_travel,Female,Mandalay
Ewallet,56.406,1,53.72,Member,Food_and_beverages,Male,Mandalay
Cash,98.049,1,93.38,Normal,Sports_and_travel,Male,Mandalay
Credit_card,97.419,1,92.78,Normal,Health_and_beauty,Male,Mandalay
Cash,18.6375,1,17.75,Normal,Health_and_beauty,Female,Mandalay
Cash,63.315,1,60.3,Normal,Electronic_accessories,Male,Mandalay
Cash,41.7375,1,39.75,Member,Electronic_accessories,Male,Mandalay
Credit_card,92.7255,1,88.31,Member,Sports_and_travel,Male,Mandalay
Ewallet,56.469,1,53.78,Member,Fashion_accessories,Male,Mandalay
Credit_card,26.7225,1,25.45,Normal,Electronic_accessories,Female,Mandalay
Credit_card,71.1585,1,67.77,Normal,Food_and_beverages,Female,Mandalay
Ewallet,71.526,1,68.12,Member,Sports_and_travel,Female,Naypyitaw
Credit_card,16.2015,1,15.43,Member,Fashion_accessories,Male,Naypyitaw
Credit_card,94.2375,1,89.75,Normal,Health_and_beauty,Male,Naypyitaw
Cash,51.1455,1,48.71,Member,Fashion_accessories,Male,Naypyitaw
Credit_card,31.9305,1,30.41,Member,Food_and_beverages,Female,Naypyitaw
Cash,78.0045,1,74.29,Member,Fashion_accessories,Female,Naypyitaw
Cash,13.167,1,12.54,Member,Fashion_accessories,Female,Naypyitaw
Credit_card,38.85,1,37.0,Normal,Home_and_lifestyle,Male,Naypyitaw
Cash,78.603,1,74.86,Member,Home_and_lifestyle,Male,Naypyitaw
Cash,93.0405,1,88.61,Member,Home_and_lifestyle,Female,Naypyitaw
Cash,51.0405,1,48.61,Normal,Food_and_beverages,Male,Naypyitaw
Cash,41.391,1,39.42,Normal,Health_and_beauty,Female,Naypyitaw
Cash,31.752,1,30.24,Normal,Electronic_accessories,Female,Naypyitaw
Ewallet,14.679,1,13.98,Member,Home_and_lifestyle,Male,Naypyitaw
Ewallet,85.5855,1,81.51,Member,Health_and_beauty,Female,Naypyitaw
Cash,17.094,1,16.28,Normal,Fashion_accessories,Male,Naypyitaw
Ewallet,13.419,1,12.78,Normal,Fashion_accessories,Male,Naypyitaw
Credit_card,37.6845,1,35.89,Normal,Food_and_beverages,Male,Naypyitaw
Cash,23.751,1,22.62,Member,Food_and_beverages,Female,Naypyitaw
Ewallet,22.659,1,21.58,Normal,Food_and_beverages,Male,Naypyitaw
Cash,103.782,1,98.84,Member,Electronic_accessories,Female,Naypyitaw
Cash,24.108,1,22.96,Normal,Home_and_lifestyle,Male,Naypyitaw
Ewallet,33.495,1,31.9,Member,Fashion_accessories,Female,Naypyitaw
Ewallet,54.0435,1,51.47,Member,Fashion_accessories,Female,Naypyitaw
Credit_card,79.674,1,75.88,Member,Health_and_beauty,Male,Naypyitaw
Ewallet,87.234,1,83.08,Normal,Electronic_accessories,Male,Naypyitaw
Credit_card,68.2395,1,64.99,Normal,Fashion_accessories,Female,Naypyitaw
Credit_card,84.9765,1,80.93,Member,Sports_and_travel,Male,Naypyitaw
Cash,48.51,1,46.2,Normal,Electronic_accessories,Female,Naypyitaw
Credit_card,104.6745,1,99.69,Normal,Electronic_accessories,Female,Naypyitaw
Cash,72.429,1,68.98,Member,Food_and_beverages,Male,Naypyitaw
Ewallet,89.0715,1,84.83,Normal,Food_and_beverages,Male,Naypyitaw
Cash,40.341,1,38.42,Member,Food_and_beverages,Female,Naypyitaw
Credit_card,55.041,1,52.42,Normal,Food_and_beverages,Female,Naypyitaw
Cash,63.9135,1,60.87,Member,Home_and_lifestyle,Female,Naypyitaw
Cash,10.6785,1,10.17,Member,Sports_and_travel,Male,Naypyitaw
Credit_card,23.499,1,22.38,Normal,Sports_and_travel,Female,Naypyitaw
Ewallet,90.5835,1,86.27,Member,Home_and_lifestyle,Female,Naypyitaw
Ewallet,59.325,1,56.5,Normal,Fashion_accessories,Male,Naypyitaw
Cash,54.9675,1,52.35,Member,Fashion_accessories,Male,Naypyitaw
Credit_card,44.9925,1,42.85,Member,Sports_and_travel,Male,Naypyitaw
Cash,96.579,1,91.98,Member,Fashion_accessories,Male,Naypyitaw
Ewallet,63.9975,1,60.95,Member,Electronic_accessories,Female,Naypyitaw
Ewallet,42.3675,1,40.35,Normal,Health_and_beauty,Male,Naypyitaw
Cash,19.2465,1,18.33,Member,Health_and_beauty,Female,Yangon
Cash,44.5935,1,42.47,Normal,Sports_and_travel,Male,Yangon
Ewallet,102.018,1,97.16,Normal,Electronic_accessories,Male,Yangon
Cash,66.8745,1,63.69,Normal,Sports_and_travel,Male,Yangon
Ewallet,77.7735,1,74.07,Normal,Home_and_lifestyle,Male,Yangon
Ewallet,26.5545,1,25.29,Normal,Home_and_lifestyle,Female,Yangon
Credit_card,19.194,1,18.28,Normal,Home_and_lifestyle,Male,Yangon
Ewallet,94.1745,1,89.69,Normal,Fashion_accessories,Male,Yangon
Credit_card,69.6675,1,66.35,Member,Electronic_accessories,Male,Yangon
Cash,16.107,1,15.34,Normal,Sports_and_travel,Female,Yangon
Cash,65.604,1,62.48,Member,Electronic_accessories,Female,Yangon
Cash,75.5475,1,71.95,Member,Electronic_accessories,Male,Yangon
Ewallet,80.661,1,76.82,Member,Electronic_accessories,Male,Yangon
Ewallet,83.727,1,79.74,Normal,Health_and_beauty,Female,Yangon
Ewallet,26.25,1,25.0,Normal,Health_and_beauty,Male,Yangon
Ewallet,40.53,1,38.6,Normal,Electronic_accessories,Male,Yangon
Ewallet,102.837,1,97.94,Normal,Home_and_lifestyle,Male,Yangon
Cash,47.859,1,45.58,Member,Sports_and_travel,Female,Yangon
Ewallet,32.1405,1,30.61,Normal,Fashion_accessories,Male,Yangon
Credit_card,30.408,1,28.96,Normal,Electronic_accessories,Female,Yangon
Cash,96.1905,1,91.61,Member,Food_and_beverages,Female,Yangon
Credit_card,12.6945,1,12.09,Normal,Fashion_accessories,Female,Yangon
Credit_card,58.2225,1,55.45,Member,Fashion_accessories,Male,Yangon
Ewallet,20.685,1,19.7,Member,Fashion_accessories,Male,Yangon
Credit_card,32.151,1,30.62,Member,Fashion_accessories,Female,Yangon
Credit_card,48.7305,1,46.41,Normal,Fashion_accessories,Male,Yangon
Cash,99.9075,1,95.15,Normal,Electronic_accessories,Male,Yangon
Ewallet,95.865,1,91.3,Member,Health_and_beauty,Male,Yangon
Cash,54.999,1,52.38,Normal,Fashion_accessories,Male,Yangon
Cash,22.386,1,21.32,Normal,Fashion_accessories,Male,Yangon
Ewallet,76.923,1,73.26,Member,Electronic_accessories,Male,Yangon
Cash,77.805,1,74.1,Normal,Fashion_accessories,Male,Yangon
Ewallet,92.295,1,87.9,Member,Food_and_beverages,Male,Yangon
Credit_card,16.275,1,15.5,Normal,Fashion_accessories,Female,Yangon
Cash,33.432,1,31.84,Member,Food_and_beverages,Male,Yangon
Cash,69.111,1,65.82,Normal,Home_and_lifestyle,Male,Yangon
Ewallet,84.63,2,40.3,Normal,Home_and_lifestyle,Female,Mandalay
Credit_card,69.72,2,33.2,Normal,Home_and_lifestyle,Male,Mandalay
Ewallet,33.936,2,16.16,Normal,Home_and_lifestyle,Male,Mandalay
Ewallet,34.629,2,16.49,Member,Sports_and_travel,Female,Mandalay
Ewallet,112.224,2,53.44,Normal,Home_and_lifestyle,Male,Mandalay
Ewallet,154.392,2,73.52,Normal,Fashion_accessories,Female,Mandalay
Cash,170.877,2,81.37,Normal,Fashion_accessories,Female,Mandalay
Credit_card,128.016,2,60.96,Normal,Fashion_accessories,Female,Mandalay
Ewallet,45.927,2,21.87,Normal,Sports_and_travel,Male,Mandalay
Ewallet,120.162,2,57.22,Normal,Health_and_beauty,Female,Mandalay
Credit_card,145.068,2,69.08,Normal,Fashion_accessories,Male,Mandalay
Ewallet,72.87,2,34.7,Normal,Fashion_accessories,Female,Mandalay
Ewallet,209.769,2,99.89,Normal,Fashion_accessories,Male,Mandalay
Cash,195.951,2,93.31,Normal,Sports_and_travel,Female,Mandalay
Ewallet,125.706,2,59.86,Member,Fashion_accessories,Male,Mandalay
Cash,151.284,2,72.04,Member,Fashion_accessories,Female,Mandalay
Cash,208.425,2,99.25,Normal,Fashion_accessories,Male,Mandalay
Credit_card,152.019,2,72.39,Normal,Food_and_beverages,Male,Mandalay
Ewallet,145.971,2,69.51,Normal,Health_and_beauty,Male,Mandalay
Ewallet,121.569,2,57.89,Member,Food_and_beverages,Male,Mandalay
Cash,165.648,2,78.88,Member,Food_and_beverages,Female,Mandalay
Ewallet,116.907,2,55.67,Member,Electronic_accessories,Male,Mandalay
Credit_card,85.302,2,40.62,Normal,Sports_and_travel,Female,Mandalay
Cash,196.14,2,93.4,Member,Food_and_beverages,Male,Mandalay
Cash,175.917,2,83.77,Member,Fashion_accessories,Male,Mandalay
Credit_card,103.11,2,49.1,Member,Home_and_lifestyle,Female,Mandalay
Credit_card,136.143,2,64.83,Member,Sports_and_travel,Female,Mandalay
Ewallet,57.078,2,27.18,Normal,Fashion_accessories,Male,Mandalay
Ewallet,53.151,2,25.31,Normal,Sports_and_travel,Male,Mandalay
Credit_card,69.993,2,33.33,Normal,Food_and_beverages,Male,Mandalay
Credit_card,80.367,2,38.27,Normal,Electronic_accessories,Female,Mandalay
Credit_card,104.832,2,49.92,Member,Fashion_accessories,Male,Mandalay
Ewallet,30.996,2,14.76,Normal,Health_and_beauty,Female,Mandalay
Cash,117.831,2,56.11,Member,Home_and_lifestyle,Male,Naypyitaw
Cash,32.277,2,15.37,Member,Health_and_beauty,Male,Naypyitaw
Ewallet,70.287,2,33.47,Normal,Health_and_beauty,Female,Naypyitaw
Ewallet,160.44,2,76.4,Normal,Sports_and_travel,Male,Naypyitaw
Cash,91.77,2,43.7,Member,Health_and_beauty,Male,Naypyitaw
Credit_card,183.036,2,87.16,Member,Sports_and_travel,Female,Naypyitaw
Credit_card,195.72,2,93.2,Member,Fashion_accessories,Male,Naypyitaw
Credit_card,30.219,2,14.39,Normal,Sports_and_travel,Female,Naypyitaw
Cash,44.352,2,21.12,Member,Health_and_beauty,Female,Naypyitaw
Credit_card,209.622,2,99.82,Normal,Fashion_accessories,Male,Naypyitaw
Ewallet,145.593,2,69.33,Member,Fashion_accessories,Male,Naypyitaw
Cash,208.677,2,99.37,Member,Food_and_beverages,Male,Naypyitaw
Ewallet,209.559,2,99.79,Normal,Food_and_beverages,Male,Naypyitaw
Cash,55.881,2,26.61,Normal,Electronic_accessories,Female,Naypyitaw
Ewallet,90.867,2,43.27,Normal,Food_and_beverages,Male,Naypyitaw
Cash,132.762,2,63.22,Normal,Electronic_accessories,Female,Naypyitaw
Ewallet,145.74,2,69.4,Normal,Home_and_lifestyle,Male,Naypyitaw
Cash,132.027,2,62.87,Normal,Health_and_beauty,Male,Naypyitaw
Credit_card,195.258,2,92.98,Member,Fashion_accessories,Female,Naypyitaw
Cash,32.529,2,15.49,Member,Sports_and_travel,Female,Naypyitaw
Cash,207.48,2,98.8,Normal,Sports_and_travel,Female,Naypyitaw
Cash,153.048,2,72.88,Member,Sports_and_travel,Male,Naypyitaw
Cash,137.865,2,65.65,Member,Food_and_beverages,Male,Naypyitaw
Credit_card,31.227,2,14.87,Member,Food_and_beverages,Female,Naypyitaw
Ewallet,131.922,2,62.82,Member,Health_and_beauty,Female,Naypyitaw
Ewallet,122.472,2,58.32,Normal,Health_and_beauty,Female,Naypyitaw
Credit_card,26.733,2,12.73,Member,Home_and_lifestyle,Female,Naypyitaw
Credit_card,175.035,2,83.35,Member,Fashion_accessories,Female,Naypyitaw
Credit_card,176.925,2,84.25,Member,Electronic_accessories,Male,Naypyitaw
Cash,180.873,2,86.13,Normal,Fashion_accessories,Male,Naypyitaw
Credit_card,76.146,2,36.26,Member,Health_and_beauty,Female,Yangon
Credit_card,184.107,2,87.67,Normal,Fashion_accessories,Female,Yangon
Credit_card,202.818,2,96.58,Normal,Health_and_beauty,Male,Yangon
Cash,93.114,2,44.34,Member,Home_and_lifestyle,Male,Yangon
Cash,90.825,2,43.25,Normal,Food_and_beverages,Male,Yangon
Ewallet,195.594,2,93.14,Normal,Sports_and_travel,Female,Yangon
Credit_card,125.517,2,59.77,Normal,Health_and_beauty,Male,Yangon
Cash,25.263,2,12.03,Normal,Home_and_lifestyle,Female,Yangon
Cash,76.356,2,36.36,Member,Food_and_beverages,Female,Yangon
Cash,172.011,2,81.91,Normal,Fashion_accessories,Female,Yangon
Credit_card,49.308,2,23.48,Member,Food_and_beverages,Male,Yangon
Ewallet,72.933,2,34.73,Normal,Home_and_lifestyle,Male,Yangon
Ewallet,147.672,2,70.32,Member,Home_and_lifestyle,Female,Yangon
Ewallet,127.827,2,60.87,Normal,Sports_and_travel,Male,Yangon
Credit_card,175.917,2,83.77,Member,Food_and_beverages,Male,Yangon
Ewallet,45.108,2,21.48,Member,Fashion_accessories,Male,Yangon
Ewallet,150.423,2,71.63,Member,Sports_and_travel,Female,Yangon
Ewallet,79.149,2,37.69,Member,Home_and_lifestyle,Male,Yangon
Credit_card,97.881,2,46.61,Normal,Electronic_accessories,Female,Yangon
Credit_card,195.678,2,93.18,Normal,Sports_and_travel,Female,Yangon
Credit_card,100.128,2,47.68,Member,Home_and_lifestyle,Female,Yangon
Credit_card,82.887,2,39.47,Member,Sports_and_travel,Female,Yangon
Ewallet,206.808,2,98.48,Normal,Fashion_accessories,Female,Yangon
Ewallet,26.796,2,12.76,Member,Sports_and_travel,Male,Yangon
Cash,175.014,2,83.34,Member,Food_and_beverages,Female,Yangon
Ewallet,167.034,2,79.54,Member,Food_and_beverages,Female,Yangon
Cash,43.869,2,20.89,Member,Electronic_accessories,Male,Yangon
Ewallet,121.863,2,58.03,Normal,Electronic_accessories,Male,Yangon
Credit_card,172.746,3,54.84,Member,Food_and_beverages,Female,Mandalay
Ewallet,277.137,3,87.98,Normal,Health_and_beauty,Male,Mandalay
Ewallet,152.838,3,48.52,Member,Food_and_beverages,Female,Mandalay
Ewallet,304.542,3,96.68,Normal,Food_and_beverages,Female,Mandalay
Ewallet,56.952,3,18.08,Member,Food_and_beverages,Male,Mandalay
Credit_card,242.676,3,77.04,Normal,Home_and_lifestyle,Female,Mandalay
Ewallet,95.6655,3,30.37,Normal,Fashion_accessories,Female,Mandalay
Credit_card,146.223,3,46.42,Normal,Sports_and_travel,Male,Mandalay
Credit_card,180.621,3,57.34,Normal,Food_and_beverages,Female,Mandalay
Credit_card,33.3585,3,10.59,Member,Electronic_accessories,Female,Mandalay
Cash,256.41,3,81.4,Member,Electronic_accessories,Female,Mandalay
Credit_card,151.4835,3,48.09,Member,Electronic_accessories,Male,Mandalay
Ewallet,86.625,3,27.5,Normal,Electronic_accessories,Male,Mandalay
Credit_card,65.7405,3,20.87,Member,Food_and_beverages,Female,Mandalay
Cash,152.775,3,48.5,Member,Sports_and_travel,Female,Mandalay
Credit_card,143.9865,3,45.71,Normal,Electronic_accessories,Female,Mandalay
Ewallet,180.4005,3,57.27,Normal,Fashion_accessories,Male,Mandalay
Credit_card,118.062,3,37.48,Normal,Home_and_lifestyle,Male,Mandalay
Ewallet,198.639,3,63.06,Normal,Sports_and_travel,Male,Mandalay
Cash,304.92,3,96.8,Member,Sports_and_travel,Male,Mandalay
Credit_card,46.683,3,14.82,Normal,Health_and_beauty,Male,Mandalay
Cash,293.643,3,93.22,Member,Fashion_accessories,Male,Mandalay
Ewallet,314.055,3,99.7,Normal,Home_and_lifestyle,Male,Mandalay
Credit_card,251.7165,3,79.91,Member,Food_and_beverages,Male,Mandalay
Ewallet,165.123,3,52.42,Normal,Fashion_accessories,Male,Mandalay
Ewallet,311.1885,3,98.79,Member,Food_and_beverages,Female,Mandalay
Cash,135.3555,3,42.97,Normal,Sports_and_travel,Female,Mandalay
Ewallet,181.881,3,57.74,Member,Food_and_beverages,Male,Mandalay
Ewallet,231.2415,3,73.41,Normal,Health_and_beauty,Female,Mandalay
Credit_card,101.808,3,32.32,Normal,Food_and_beverages,Male,Mandalay
Credit_card,138.978,3,44.12,Normal,Home_and_lifestyle,Male,Mandalay
Credit_card,91.8225,3,29.15,Member,Food_and_beverages,Female,Mandalay
Ewallet,217.2555,3,68.97,Normal,Home_and_lifestyle,Male,Mandalay
Ewallet,82.719,3,26.26,Member,Electronic_accessories,Female,Mandalay
Ewallet,125.7165,3,39.91,Member,Health_and_beauty,Male,Mandalay
Ewallet,68.985,3,21.9,Member,Home_and_lifestyle,Female,Mandalay
Credit_card,77.931,3,24.74,Member,Sports_and_travel,Female,Naypyitaw
Credit_card,309.3615,3,98.21,Member,Health_and_beauty,Female,Naypyitaw
Credit_card,85.113,3,27.02,Normal,Fashion_accessories,Female,Naypyitaw
Cash,284.193,3,90.22,Normal,Fashion_accessories,Male,Naypyitaw
Ewallet,273.42,3,86.8,Member,Health_and_beauty,Male,Naypyitaw
Cash,66.402,3,21.08,Member,Food_and_beverages,Female,Naypyitaw
Credit_card,150.0975,3,47.65,Normal,Electronic_accessories,Female,Naypyitaw
Cash,253.512,3,80.48,Member,Fashion_accessories,Female,Naypyitaw
Ewallet,121.59,3,38.6,Member,Food_and_beverages,Female,Naypyitaw
Cash,264.7575,3,84.05,Normal,Electronic_accessories,Female,Naypyitaw
Credit_card,144.081,3,45.74,Normal,Fashion_accessories,Male,Naypyitaw
Cash,85.743,3,27.22,Normal,Food_and_beverages,Male,Naypyitaw
Credit_card,175.0455,3,55.57,Member,Home_and_lifestyle,Male,Naypyitaw
Ewallet,267.3405,3,84.87,Member,Fashion_accessories,Female,Naypyitaw
Credit_card,239.589,3,76.06,Normal,Fashion_accessories,Female,Naypyitaw
Credit_card,190.4805,3,60.47,Member,Health_and_beauty,Male,Naypyitaw
Ewallet,106.5015,3,33.81,Member,Health_and_beauty,Male,Naypyitaw
Credit_card,76.5765,3,24.31,Member,Food_and_beverages,Male,Naypyitaw
Ewallet,270.018,3,85.72,Member,Home_and_lifestyle,Male,Naypyitaw
Cash,304.983,3,96.82,Member,Electronic_accessories,Male,Naypyitaw
Credit_card,172.2105,3,54.67,Normal,Food_and_beverages,Male,Yangon
Ewallet,279.1845,3,88.63,Member,Sports_and_travel,Male,Yangon
Ewallet,166.1625,3,52.75,Normal,Food_and_beverages,Male,Yangon
Cash,298.116,3,94.64,Member,Electronic_accessories,Female,Yangon
Ewallet,83.412,3,26.48,Member,Electronic_accessories,Female,Yangon
Credit_card,103.635,3,32.9,Normal,Food_and_beverages,Male,Yangon
Cash,140.6475,3,44.65,Normal,Sports_and_travel,Male,Yangon
Ewallet,81.396,3,25.84,Normal,Sports_and_travel,Male,Yangon
Credit_card,205.317,3,65.18,Normal,Health_and_beauty,Male,Yangon
Ewallet,96.642,3,30.68,Normal,Home_and_lifestyle,Male,Yangon
Ewallet,228.123,3,72.42,Member,Home_and_lifestyle,Female,Yangon
Cash,164.871,3,52.34,Normal,Food_and_beverages,Female,Yangon
Ewallet,236.88,3,75.2,Member,Sports_and_travel,Female,Yangon
Credit_card,164.43,3,52.2,Normal,Food_and_beverages,Male,Yangon
Credit_card,225.792,3,71.68,Normal,Food_and_beverages,Female,Yangon
Ewallet,167.895,3,53.3,Member,Home_and_lifestyle,Male,Yangon
Ewallet,246.6765,3,78.31,Normal,Electronic_accessories,Male,Yangon
Credit_card,49.4235,3,15.69,Normal,Electronic_accessories,Female,Yangon
Ewallet,277.6725,3,88.15,Member,Fashion_accessories,Female,Yangon
Cash,211.365,3,67.1,Normal,Food_and_beverages,Female,Yangon
Ewallet,80.955,3,25.7,Normal,Sports_and_travel,Male,Yangon
Credit_card,37.611,3,11.94,Member,Electronic_accessories,Male,Yangon
Credit_card,142.947,3,45.38,Normal,Fashion_accessories,Male,Yangon
Ewallet,176.4,3,56.0,Normal,Health_and_beauty,Male,Yangon
Cash,216.4365,3,68.71,Normal,Health_and_beauty,Female,Yangon
Credit_card,130.032,3,41.28,Member,Fashion_accessories,Male,Yangon
Cash,163.611,3,51.94,Normal,Fashion_accessories,Male,Yangon
Credit_card,295.407,3,93.78,Member,Electronic_accessories,Male,Yangon
Cash,250.7085,3,79.59,Member,Electronic_accessories,Female,Yangon
Cash,313.74,3,99.6,Member,Food_and_beverages,Female,Yangon
Cash,290.0835,3,92.09,Member,Health_and_beauty,Female,Yangon
Credit_card,255.1815,3,81.01,Member,Home_and_lifestyle,Male,Yangon
Cash,49.77,3,15.8,Normal,Health_and_beauty,Female,Yangon
Cash,252.252,3,80.08,Normal,Home_and_lifestyle,Male,Yangon
Ewallet,60.816,4,14.48,Member,Fashion_accessories,Female,Mandalay
Cash,107.142,4,25.51,Member,Electronic_accessories,Male,Mandalay
Cash,394.632,4,93.96,Member,Electronic_accessories,Female,Mandalay
Ewallet,75.054,4,17.87,Member,Fashion_accessories,Female,Mandalay
Cash,318.108,4,75.74,Member,Health_and_beauty,Male,Mandalay
Cash,146.328,4,34.84,Normal,Sports_and_travel,Female,Mandalay
Credit_card,384.468,4,91.54,Member,Fashion_accessories,Female,Mandalay
Cash,195.174,4,46.47,Member,Home_and_lifestyle,Male,Mandalay
Ewallet,107.31,4,25.55,Normal,Home_and_lifestyle,Male,Mandalay
Cash,241.458,4,57.49,Member,Electronic_accessories,Female,Mandalay
Cash,310.044,4,73.82,Member,Fashion_accessories,Male,Mandalay
Cash,137.004,4,32.62,Member,Fashion_accessories,Male,Mandalay
Cash,160.86,4,38.3,Member,Fashion_accessories,Female,Mandalay
Ewallet,410.508,4,97.74,Normal,Sports_and_travel,Male,Mandalay
Credit_card,214.746,4,51.13,Member,Health_and_beauty,Male,Mandalay
Credit_card,374.388,4,89.14,Member,Food_and_beverages,Female,Mandalay
Credit_card,99.33,4,23.65,Normal,Electronic_accessories,Female,Mandalay
Cash,288.582,4,68.71,Member,Fashion_accessories,Female,Mandalay
Ewallet,207.858,4,49.49,Member,Sports_and_travel,Female,Mandalay
Credit_card,164.682,4,39.21,Normal,Fashion_accessories,Male,Mandalay
Credit_card,84.756,4,20.18,Member,Sports_and_travel,Female,Mandalay
Ewallet,163.002,4,38.81,Member,Home_and_lifestyle,Male,Mandalay
Cash,253.26,4,60.3,Normal,Food_and_beverages,Male,Mandalay
Credit_card,75.936,4,18.08,Member,Fashion_accessories,Female,Mandalay
Cash,133.35,4,31.75,Normal,Home_and_lifestyle,Male,Mandalay
Credit_card,252.756,4,60.18,Member,Fashion_accessories,Male,Mandalay
Ewallet,75.474,4,17.97,Normal,Health_and_beauty,Female,Mandalay
Ewallet,261.198,4,62.19,Normal,Home_and_lifestyle,Male,Mandalay
Ewallet,180.6,4,43.0,Normal,Electronic_accessories,Female,Mandalay
Ewallet,98.028,4,23.34,Member,Food_and_beverages,Male,Mandalay
Ewallet,93.744,4,22.32,Member,Fashion_accessories,Female,Mandalay
Cash,401.688,4,95.64,Normal,Electronic_accessories,Female,Mandalay
Ewallet,401.268,4,95.54,Member,Sports_and_travel,Female,Mandalay
Credit_card,403.872,4,96.16,Member,Health_and_beauty,Male,Mandalay
Ewallet,222.138,4,52.89,Normal,Electronic_accessories,Male,Mandalay
Cash,262.794,4,62.57,Normal,Health_and_beauty,Male,Mandalay
Ewallet,193.074,4,45.97,Normal,Home_and_lifestyle,Male,Mandalay
Ewallet,57.876,4,13.78,Normal,Electronic_accessories,Female,Mandalay
Ewallet,263.97,4,62.85,Member,Food_and_beverages,Female,Mandalay
Ewallet,417.564,4,99.42,Member,Food_and_beverages,Female,Naypyitaw
Credit_card,337.512,4,80.36,Member,Food_and_beverages,Female,Naypyitaw
Cash,198.996,4,47.38,Member,Home_and_lifestyle,Female,Naypyitaw
Credit_card,277.788,4,66.14,Normal,Health_and_beauty,Male,Naypyitaw
Credit_card,293.202,4,69.81,Normal,Home_and_lifestyle,Female,Naypyitaw
Credit_card,174.3,4,41.5,Normal,Health_and_beauty,Male,Naypyitaw
Ewallet,155.652,4,37.06,Member,Electronic_accessories,Male,Naypyitaw
Credit_card,276.948,4,65.94,Member,Electronic_accessories,Male,Naypyitaw
Ewallet,69.09,4,16.45,Normal,Fashion_accessories,Female,Naypyitaw
Credit_card,148.974,4,35.47,Normal,Home_and_lifestyle,Male,Naypyitaw
Ewallet,400.764,4,95.42,Normal,Fashion_accessories,Female,Naypyitaw
Cash,121.128,4,28.84,Normal,Electronic_accessories,Male,Naypyitaw
Ewallet,185.094,4,44.07,Member,Health_and_beauty,Male,Naypyitaw
Cash,395.892,4,94.26,Member,Food_and_beverages,Male,Naypyitaw
Cash,173.208,4,41.24,Normal,Food_and_beverages,Female,Naypyitaw
Cash,343.056,4,81.68,Normal,Fashion_accessories,Female,Naypyitaw
Ewallet,407.316,4,96.98,Member,Fashion_accessories,Male,Naypyitaw
Ewallet,314.538,4,74.89,Member,Food_and_beverages,Female,Naypyitaw
Credit_card,194.124,4,46.22,Normal,Home_and_lifestyle,Male,Naypyitaw
Credit_card,190.596,4,45.38,Normal,Home_and_lifestyle,Female,Naypyitaw
Ewallet,348.306,4,82.93,Member,Sports_and_travel,Male,Naypyitaw
Ewallet,71.568,4,17.04,Member,Food_and_beverages,Male,Naypyitaw
Cash,310.59,4,73.95,Normal,Sports_and_travel,Female,Naypyitaw
Ewallet,353.094,4,84.07,Normal,Electronic_accessories,Male,Naypyitaw
Ewallet,133.434,4,31.77,Normal,Food_and_beverages,Male,Naypyitaw
Credit_card,209.118,4,49.79,Member,Food_and_beverages,Female,Naypyitaw
Ewallet,317.226,4,75.53,Member,Home_and_lifestyle,Female,Naypyitaw
Ewallet,408.492,4,97.26,Normal,Fashion_accessories,Male,Naypyitaw
Credit_card,287.91,4,68.55,Member,Health_and_beauty,Male,Naypyitaw
Cash,329.196,4,78.38,Member,Home_and_lifestyle,Female,Naypyitaw
Ewallet,235.746,4,56.13,Normal,Electronic_accessories,Female,Naypyitaw
Cash,88.368,4,21.04,Member,Food_and_beverages,Female,Naypyitaw
Cash,250.278,4,59.59,Member,Food_and_beverages,Male,Naypyitaw
Cash,263.13,4,62.65,Member,Home_and_lifestyle,Male,Yangon
Credit_card,326.424,4,77.72,Member,Electronic_accessories,Male,Yangon
Cash,99.75,4,23.75,Normal,Home_and_lifestyle,Male,Yangon
Ewallet,135.45,4,32.25,Member,Electronic_accessories,Male,Yangon
Credit_card,297.108,4,70.74,Member,Home_and_lifestyle,Male,Yangon
Cash,200.214,4,47.67,Member,Health_and_beauty,Female,Yangon
Cash,252.042,4,60.01,Member,Home_and_lifestyle,Male,Yangon
Credit_card,214.998,4,51.19,Normal,Electronic_accessories,Female,Yangon
Cash,152.712,4,36.36,Member,Electronic_accessories,Male,Yangon
Cash,276.948,4,65.94,Member,Home_and_lifestyle,Male,Yangon
Credit_card,345.786,4,82.33,Member,Sports_and_travel,Male,Yangon
Credit_card,282.492,4,67.26,Member,Sports_and_travel,Male,Yangon
Ewallet,237.426,4,56.53,Normal,Home_and_lifestyle,Female,Yangon
Cash,87.234,4,20.77,Member,Electronic_accessories,Male,Yangon
Cash,168.21,4,40.05,Member,Sports_and_travel,Female,Yangon
Ewallet,156.03,4,37.15,Normal,Fashion_accessories,Male,Yangon
Credit_card,306.81,4,73.05,Normal,Fashion_accessories,Female,Yangon
Cash,269.934,4,64.27,Normal,Health_and_beauty,Female,Yangon
Cash,326.256,4,77.68,Member,Health_and_beauty,Female,Yangon
Credit_card,217.182,4,51.71,Normal,Health_and_beauty,Male,Yangon
Ewallet,204.246,4,48.63,Normal,Fashion_accessories,Female,Yangon
Cash,308.574,4,73.47,Member,Food_and_beverages,Female,Yangon
Ewallet,113.568,4,27.04,Member,Sports_and_travel,Female,Yangon
Credit_card,93.744,4,22.32,Member,Fashion_accessories,Female,Yangon
Ewallet,232.638,4,55.39,Normal,Food_and_beverages,Female,Yangon
Credit_card,233.1,4,55.5,Member,Health_and_beauty,Male,Yangon
Ewallet,397.992,4,94.76,Normal,Sports_and_travel,Female,Yangon
Cash,325.374,4,77.47,Normal,Home_and_lifestyle,Female,Yangon
Cash,210.966,4,50.23,Normal,Electronic_accessories,Female,Yangon
Credit_card,92.442,4,22.01,Member,Sports_and_travel,Female,Yangon
Cash,118.902,4,28.31,Member,Home_and_lifestyle,Female,Yangon
Ewallet,271.278,4,64.59,Normal,Sports_and_travel,Male,Yangon
Credit_card,97.818,4,23.29,Member,Home_and_lifestyle,Male,Yangon
Cash,397.614,4,94.67,Normal,Fashion_accessories,Female,Yangon
Ewallet,279.384,4,66.52,Normal,Food_and_beverages,Male,Yangon
Cash,313.572,4,74.66,Normal,Food_and_beverages,Female,Yangon
Cash,244.23,4,58.15,Normal,Health_and_beauty,Male,Yangon
Cash,463.89,5,88.36,Normal,Food_and_beverages,Female,Mandalay
Credit_card,494.1825,5,94.13,Normal,Fashion_accessories,Male,Mandalay
Ewallet,115.185,5,21.94,Member,Fashion_accessories,Male,Mandalay
Ewallet,263.97,5,50.28,Normal,Home_and_lifestyle,Male,Mandalay
Credit_card,420.2625,5,80.05,Member,Food_and_beverages,Male,Mandalay
Credit_card,93.2925,5,17.77,Member,Home_and_lifestyle,Male,Mandalay
Ewallet,484.89,5,92.36,Normal,Home_and_lifestyle,Male,Mandalay
Cash,130.0425,5,24.77,Normal,Sports_and_travel,Female,Mandalay
Cash,69.405,5,13.22,Member,Electronic_accessories,Female,Mandalay
Ewallet,354.0075,5,67.43,Normal,Sports_and_travel,Female,Mandalay
Cash,350.07,5,66.68,Normal,Health_and_beauty,Male,Mandalay
Cash,523.3725,5,99.69,Normal,Food_and_beverages,Female,Mandalay
Ewallet,208.6875,5,39.75,Normal,Fashion_accessories,Female,Mandalay
Cash,353.1675,5,67.27,Normal,Sports_and_travel,Male,Mandalay
Cash,155.19,5,29.56,Member,Fashion_accessories,Female,Mandalay
Cash,321.7725,5,61.29,Member,Health_and_beauty,Male,Mandalay
Ewallet,288.015,5,54.86,Member,Health_and_beauty,Male,Mandalay
Cash,270.585,5,51.54,Normal,Sports_and_travel,Female,Mandalay
Credit_card,430.71,5,82.04,Member,Home_and_lifestyle,Female,Mandalay
Cash,92.5575,5,17.63,Member,Food_and_beverages,Female,Mandalay
Ewallet,397.215,5,75.66,Normal,Electronic_accessories,Male,Mandalay
Ewallet,384.72,5,73.28,Normal,Home_and_lifestyle,Male,Mandalay
Credit_card,151.515,5,28.86,Normal,Food_and_beverages,Female,Mandalay
Credit_card,247.59,5,47.16,Member,Food_and_beverages,Male,Mandalay
Cash,148.995,5,28.38,Normal,Electronic_accessories,Male,Mandalay
Credit_card,435.12,5,82.88,Normal,Health_and_beauty,Female,Mandalay
Credit_card,181.0725,5,34.49,Member,Electronic_accessories,Female,Mandalay
Ewallet,334.4775,5,63.71,Normal,Fashion_accessories,Female,Mandalay
Cash,80.22,5,15.28,Normal,Electronic_accessories,Female,Naypyitaw
Ewallet,451.71,5,86.04,Member,Electronic_accessories,Male,Naypyitaw
Cash,106.995,5,20.38,Normal,Health_and_beauty,Female,Naypyitaw
Cash,256.7775,5,48.91,Member,Sports_and_travel,Male,Naypyitaw
Cash,401.73,5,76.52,Normal,Fashion_accessories,Male,Naypyitaw
Credit_card,374.7975,5,71.39,Member,Food_and_beverages,Female,Naypyitaw
Cash,62.0025,5,11.81,Normal,Electronic_accessories,Male,Naypyitaw
Credit_card,91.4025,5,17.41,Normal,Health_and_beauty,Male,Naypyitaw
Credit_card,232.155,5,44.22,Member,Fashion_accessories,Female,Naypyitaw
Cash,272.58,5,51.92,Member,Electronic_accessories,Female,Naypyitaw
Cash,392.6475,5,74.79,Member,Electronic_accessories,Male,Naypyitaw
Ewallet,77.175,5,14.7,Member,Sports_and_travel,Male,Naypyitaw
Ewallet,509.4075,5,97.03,Normal,Food_and_beverages,Female,Naypyitaw
Ewallet,125.055,5,23.82,Normal,Fashion_accessories,Female,Naypyitaw
Cash,91.56,5,17.44,Member,Food_and_beverages,Male,Naypyitaw
Cash,212.73,5,40.52,Normal,Food_and_beverages,Male,Naypyitaw
Credit_card,206.7975,5,39.39,Member,Home_and_lifestyle,Male,Naypyitaw
Credit_card,377.58,5,71.92,Member,Sports_and_travel,Male,Naypyitaw
Cash,193.4625,5,36.85,Normal,Fashion_accessories,Female,Naypyitaw
Ewallet,461.5275,5,87.91,Member,Electronic_accessories,Male,Naypyitaw
Ewallet,63.2625,5,12.05,Member,Electronic_accessories,Male,Naypyitaw
Credit_card,55.2825,5,10.53,Member,Home_and_lifestyle,Female,Naypyitaw
Cash,132.5625,5,25.25,Member,Sports_and_travel,Male,Naypyitaw
Ewallet,53.34,5,10.16,Member,Health_and_beauty,Female,Naypyitaw
Credit_card,57.6975,5,10.99,Normal,Health_and_beauty,Female,Naypyitaw
Ewallet,455.1225,5,86.69,Member,Home_and_lifestyle,Male,Naypyitaw
Credit_card,341.0925,5,64.97,Member,Sports_and_travel,Female,Naypyitaw
Cash,439.215,5,83.66,Normal,Health_and_beauty,Female,Naypyitaw
Credit_card,485.5725,5,92.49,Member,Fashion_accessories,Female,Naypyitaw
Ewallet,188.0025,5,35.81,Member,Home_and_lifestyle,Male,Naypyitaw
Ewallet,246.4875,5,46.95,Normal,Electronic_accessories,Female,Yangon
Ewallet,181.44,5,34.56,Normal,Electronic_accessories,Male,Yangon
Ewallet,328.755,5,62.62,Member,Sports_and_travel,Male,Yangon
Cash,234.0975,5,44.59,Member,Food_and_beverages,Female,Yangon
Cash,169.3125,5,32.25,Normal,Sports_and_travel,Female,Yangon
Credit_card,138.1275,5,26.31,Normal,Electronic_accessories,Female,Yangon
Credit_card,484.5225,5,92.29,Member,Food_and_beverages,Male,Yangon
Ewallet,367.5525,5,70.01,Normal,Health_and_beauty,Male,Yangon
Credit_card,171.7275,5,32.71,Normal,Electronic_accessories,Male,Yangon
Ewallet,94.185,5,17.94,Member,Fashion_accessories,Male,Yangon
Credit_card,74.7075,5,14.23,Member,Food_and_beverages,Female,Yangon
Cash,324.2925,5,61.77,Normal,Fashion_accessories,Female,Yangon
Cash,523.845,5,99.78,Member,Food_and_beverages,Male,Yangon
Cash,404.355,5,77.02,Normal,Fashion_accessories,Male,Yangon
Credit_card,149.3625,5,28.45,Member,Electronic_accessories,Female,Yangon
Credit_card,352.2225,5,67.09,Normal,Home_and_lifestyle,Female,Yangon
Ewallet,507.675,5,96.7,Member,Fashion_accessories,Female,Yangon
Ewallet,214.935,5,40.94,Normal,Food_and_beverages,Female,Yangon
Ewallet,406.875,5,77.5,Normal,Health_and_beauty,Female,Yangon
Ewallet,284.9175,5,54.27,Normal,Food_and_beverages,Female,Yangon
Credit_card,72.3975,5,13.79,Normal,Food_and_beverages,Male,Yangon
Cash,110.0925,5,20.97,Member,Health_and_beauty,Male,Yangon
Ewallet,333.9525,5,63.61,Normal,Food_and_beverages,Female,Yangon
Credit_card,269.535,5,51.34,Member,Food_and_beverages,Male,Yangon
Cash,338.31,5,64.44,Member,Electronic_accessories,Female,Yangon
Credit_card,174.615,5,33.26,Normal,Sports_and_travel,Female,Yangon
Ewallet,194.985,5,37.14,Normal,Sports_and_travel,Male,Yangon
Ewallet,225.2775,5,42.91,Normal,Home_and_lifestyle,Female,Yangon
Ewallet,479.9025,5,91.41,Member,Sports_and_travel,Female,Yangon
Ewallet,148.68,5,28.32,Normal,Home_and_lifestyle,Female,Yangon
Credit_card,451.0275,5,85.91,Normal,Sports_and_travel,Male,Yangon
Ewallet,226.065,5,43.06,Normal,Sports_and_travel,Female,Yangon
Cash,76.755,5,14.62,Normal,Health_and_beauty,Male,Yangon
Cash,146.6325,5,27.93,Member,Sports_and_travel,Female,Yangon
Cash,458.6925,5,87.37,Member,Home_and_lifestyle,Female,Yangon
Credit_card,187.32,5,35.68,Normal,Health_and_beauty,Female,Yangon
Credit_card,143.22,5,27.28,Normal,Food_and_beverages,Female,Yangon
Ewallet,56.1225,5,10.69,Member,Health_and_beauty,Female,Yangon
Ewallet,202.335,5,38.54,Member,Fashion_accessories,Male,Yangon
Ewallet,503.7375,5,95.95,Member,Health_and_beauty,Female,Yangon
Credit_card,145.5825,5,27.73,Member,Health_and_beauty,Female,Yangon
Cash,469.77,5,89.48,Normal,Sports_and_travel,Female,Yangon
Credit_card,266.6475,5,50.79,Normal,Health_and_beauty,Male,Yangon
Credit_card,296.94,5,56.56,Normal,Food_and_beverages,Female,Yangon
Cash,590.436,6,93.72,Member,Sports_and_travel,Female,Mandalay
Cash,435.456,6,69.12,Member,Sports_and_travel,Female,Mandalay
Credit_card,119.259,6,18.93,Member,Electronic_accessories,Male,Mandalay
Ewallet,614.943,6,97.61,Member,Fashion_accessories,Female,Mandalay
Cash,485.037,6,76.99,Normal,Health_and_beauty,Female,Mandalay
Cash,521.01,6,82.7,Normal,Home_and_lifestyle,Male,Mandalay
Credit_card,550.935,6,87.45,Member,Electronic_accessories,Male,Mandalay
Ewallet,588.357,6,93.39,Normal,Sports_and_travel,Male,Mandalay
Credit_card,333.207,6,52.89,Member,Electronic_accessories,Male,Mandalay
Ewallet,285.705,6,45.35,Normal,Electronic_accessories,Male,Mandalay
Cash,571.41,6,90.7,Member,Electronic_accessories,Female,Mandalay
Ewallet,628.173,6,99.71,Normal,Health_and_beauty,Female,Mandalay
Cash,503.559,6,79.93,Member,Sports_and_travel,Male,Mandalay
Cash,365.085,6,57.95,Normal,Sports_and_travel,Female,Mandalay
Credit_card,258.678,6,41.06,Member,Health_and_beauty,Female,Mandalay
Cash,470.673,6,74.71,Normal,Electronic_accessories,Female,Mandalay
Cash,138.663,6,22.01,Normal,Electronic_accessories,Male,Mandalay
Cash,233.226,6,37.02,Normal,Sports_and_travel,Male,Mandalay
Credit_card,529.515,6,84.05,Normal,Food_and_beverages,Female,Mandalay
Ewallet,343.413,6,54.51,Normal,Sports_and_travel,Female,Mandalay
Cash,457.38,6,72.6,Member,Sports_and_travel,Male,Mandalay
Cash,351.603,6,55.81,Normal,Health_and_beauty,Female,Mandalay
Credit_card,370.125,6,58.75,Member,Fashion_accessories,Female,Mandalay
Ewallet,145.404,6,23.08,Member,Sports_and_travel,Female,Mandalay
Credit_card,110.124,6,17.48,Member,Fashion_accessories,Female,Mandalay
Cash,86.247,6,13.69,Normal,Sports_and_travel,Male,Mandalay
Ewallet,144.963,6,23.01,Normal,Sports_and_travel,Male,Mandalay
Credit_card,281.169,6,44.63,Normal,Sports_and_travel,Male,Mandalay
Cash,362.817,6,57.59,Normal,Health_and_beauty,Male,Mandalay
Credit_card,317.835,6,50.45,Member,Electronic_accessories,Male,Mandalay
Cash,103.131,6,16.37,Normal,Home_and_lifestyle,Female,Mandalay
Ewallet,629.496,6,99.92,Normal,Home_and_lifestyle,Male,Mandalay
Ewallet,397.845,6,63.15,Normal,Home_and_lifestyle,Female,Mandalay
Cash,415.233,6,65.91,Member,Home_and_lifestyle,Male,Mandalay
Cash,289.926,6,46.02,Normal,Electronic_accessories,Male,Mandalay
Ewallet,167.58,6,26.6,Member,Food_and_beverages,Male,Mandalay
Cash,192.843,6,30.61,Normal,Electronic_accessories,Male,Naypyitaw
Ewallet,351.099,6,55.73,Normal,Home_and_lifestyle,Male,Naypyitaw
Cash,478.233,6,75.91,Normal,Electronic_accessories,Female,Naypyitaw
Credit_card,624.897,6,99.19,Normal,Health_and_beauty,Female,Naypyitaw
Cash,78.435,6,12.45,Normal,Electronic_accessories,Female,Naypyitaw
Credit_card,172.494,6,27.38,Normal,Fashion_accessories,Male,Naypyitaw
Ewallet,512.19,6,81.3,Normal,Health_and_beauty,Female,Naypyitaw
Credit_card,291.438,6,46.26,Normal,Health_and_beauty,Female,Naypyitaw
Ewallet,103.824,6,16.48,Normal,Food_and_beverages,Female,Naypyitaw
Credit_card,120.645,6,19.15,Member,Sports_and_travel,Female,Naypyitaw
Ewallet,441.693,6,70.11,Normal,Home_and_lifestyle,Female,Naypyitaw
Cash,265.104,6,42.08,Normal,Fashion_accessories,Male,Naypyitaw
Cash,294.651,6,46.77,Normal,Food_and_beverages,Male,Naypyitaw
Credit_card,248.409,6,39.43,Normal,Food_and_beverages,Female,Naypyitaw
Ewallet,527.751,6,83.77,Member,Home_and_lifestyle,Female,Naypyitaw
Cash,568.512,6,90.24,Normal,Food_and_beverages,Female,Naypyitaw
Credit_card,100.485,6,15.95,Member,Home_and_lifestyle,Female,Naypyitaw
Cash,523.971,6,83.17,Member,Home_and_lifestyle,Female,Naypyitaw
Ewallet,551.124,6,87.48,Member,Food_and_beverages,Female,Naypyitaw
Credit_card,118.251,6,18.77,Member,Electronic_accessories,Male,Naypyitaw
Credit_card,139.923,6,22.21,Normal,Electronic_accessories,Male,Naypyitaw
Credit_card,293.139,6,46.53,Member,Health_and_beauty,Male,Naypyitaw
Ewallet,273.798,6,43.46,Member,Fashion_accessories,Female,Naypyitaw
Cash,442.323,6,70.21,Normal,Health_and_beauty,Male,Naypyitaw
Ewallet,300.573,6,47.71,Member,Health_and_beauty,Female,Naypyitaw
Ewallet,310.716,6,49.32,Normal,Fashion_accessories,Female,Naypyitaw
Ewallet,184.086,6,29.22,Member,Sports_and_travel,Female,Naypyitaw
Cash,297.801,6,47.27,Member,Food_and_beverages,Female,Naypyitaw
Cash,223.587,6,35.49,Normal,Electronic_accessories,Female,Naypyitaw
Ewallet,221.886,6,35.22,Member,Sports_and_travel,Female,Naypyitaw
Ewallet,360.927,6,57.29,Normal,Food_and_beverages,Female,Naypyitaw
Ewallet,433.692,6,68.84,Member,Electronic_accessories,Female,Yangon
Credit_card,457.443,6,72.61,Normal,Sports_and_travel,Male,Yangon
Cash,367.038,6,58.26,Normal,Food_and_beverages,Male,Yangon
Cash,391.419,6,62.13,Normal,Sports_and_travel,Male,Yangon
Cash,580.419,6,92.13,Member,Sports_and_travel,Female,Yangon
Cash,216.846,6,34.42,Member,Home_and_lifestyle,Female,Yangon
Ewallet,491.085,6,77.95,Normal,Home_and_lifestyle,Female,Yangon
Cash,323.064,6,51.28,Normal,Food_and_beverages,Male,Yangon
Ewallet,465.444,6,73.88,Normal,Food_and_beverages,Male,Yangon
Ewallet,163.233,6,25.91,Member,Home_and_lifestyle,Male,Yangon
Ewallet,628.929,6,99.83,Member,Health_and_beauty,Male,Yangon
Ewallet,493.794,6,78.38,Member,Home_and_lifestyle,Male,Yangon
Ewallet,96.138,6,15.26,Normal,Health_and_beauty,Male,Yangon
Credit_card,135.576,6,21.52,Normal,Home_and_lifestyle,Male,Yangon
Cash,461.286,6,73.22,Normal,Home_and_lifestyle,Male,Yangon
Ewallet,147.798,6,23.46,Normal,Electronic_accessories,Female,Yangon
Credit_card,214.137,6,33.99,Normal,Home_and_lifestyle,Male,Yangon
Credit_card,235.872,6,37.44,Member,Home_and_lifestyle,Female,Yangon
Credit_card,514.773,6,81.71,Normal,Food_and_beverages,Male,Yangon
Ewallet,160.209,6,25.43,Normal,Health_and_beauty,Male,Yangon
Cash,416.178,6,66.06,Normal,Electronic_accessories,Female,Yangon
Ewallet,262.458,6,41.66,Member,Food_and_beverages,Male,Yangon
Ewallet,469.413,6,74.51,Member,Electronic_accessories,Male,Yangon
Credit_card,620.739,6,98.53,Member,Food_and_beverages,Male,Yangon
Ewallet,305.55,6,48.5,Member,Food_and_beverages,Male,Yangon
Cash,507.906,6,80.62,Member,Food_and_beverages,Male,Yangon
Cash,608.076,6,96.52,Normal,Home_and_lifestyle,Female,Yangon
Cash,72.009,6,11.43,Normal,Home_and_lifestyle,Female,Yangon
Cash,624.33,6,99.1,Normal,Fashion_accessories,Female,Yangon
Cash,561.078,6,89.06,Member,Sports_and_travel,Male,Yangon
Ewallet,216.846,6,34.42,Member,Home_and_lifestyle,Female,Yangon
Cash,223.0725,7,30.35,Normal,Health_and_beauty,Male,Mandalay
Cash,535.374,7,72.84,Normal,Fashion_accessories,Female,Mandalay
Cash,291.207,7,39.62,Normal,Fashion_accessories,Female,Mandalay
Cash,217.6335,7,29.61,Member,Sports_and_travel,Female,Mandalay
Ewallet,456.288,7,62.08,Normal,Food_and_beverages,Male,Mandalay
Credit_card,536.991,7,73.06,Normal,Food_and_beverages,Male,Mandalay
Cash,352.5795,7,47.97,Normal,Fashion_accessories,Male,Mandalay
Credit_card,356.5485,7,48.51,Normal,Food_and_beverages,Female,Mandalay
Ewallet,411.3795,7,55.97,Member,Health_and_beauty,Female,Mandalay
Cash,565.215,7,76.9,Member,Health_and_beauty,Female,Mandalay
Credit_card,402.2655,7,54.73,Member,Fashion_accessories,Female,Mandalay
Cash,193.011,7,26.26,Member,Electronic_accessories,Female,Mandalay
Credit_card,133.917,7,18.22,Normal,Food_and_beverages,Male,Mandalay
Credit_card,702.219,7,95.54,Normal,Fashion_accessories,Male,Mandalay
Credit_card,666.939,7,90.74,Member,Sports_and_travel,Female,Mandalay
Credit_card,586.971,7,79.86,Normal,Fashion_accessories,Female,Mandalay
Ewallet,597.6285,7,81.31,Member,Fashion_accessories,Male,Mandalay
Credit_card,695.2365,7,94.59,Member,Home_and_lifestyle,Female,Mandalay
Credit_card,470.988,7,64.08,Member,Sports_and_travel,Female,Mandalay
Cash,527.5095,7,71.77,Normal,Health_and_beauty,Male,Mandalay
Cash,187.866,7,25.56,Normal,Fashion_accessories,Female,Mandalay
Cash,383.523,7,52.18,Member,Home_and_lifestyle,Female,Mandalay
Ewallet,557.718,7,75.88,Normal,Electronic_accessories,Male,Mandalay
Credit_card,441.588,7,60.08,Member,Sports_and_travel,Female,Mandalay
Ewallet,299.3655,7,40.73,Member,Home_and_lifestyle,Female,Mandalay
Cash,375.3645,7,51.07,Normal,Home_and_lifestyle,Female,Mandalay
Ewallet,271.2885,7,36.91,Member,Home_and_lifestyle,Male,Mandalay
Cash,640.038,7,87.08,Normal,Electronic_accessories,Male,Mandalay
Ewallet,627.6165,7,85.39,Normal,Electronic_accessories,Male,Naypyitaw
Cash,671.79,7,91.4,Member,Food_and_beverages,Male,Naypyitaw
Ewallet,610.491,7,83.06,Normal,Sports_and_travel,Female,Naypyitaw
Credit_card,419.832,7,57.12,Member,Sports_and_travel,Male,Naypyitaw
Credit_card,254.016,7,34.56,Member,Sports_and_travel,Male,Naypyitaw
Credit_card,165.4485,7,22.51,Normal,Fashion_accessories,Female,Naypyitaw
Cash,472.311,7,64.26,Normal,Fashion_accessories,Male,Naypyitaw
Cash,451.3635,7,61.41,Normal,Electronic_accessories,Male,Naypyitaw
Ewallet,204.6975,7,27.85,Normal,Electronic_accessories,Male,Naypyitaw
Credit_card,218.0745,7,29.67,Member,Health_and_beauty,Female,Naypyitaw
Ewallet,701.8515,7,95.49,Normal,Sports_and_travel,Male,Naypyitaw
Ewallet,718.7565,7,97.79,Member,Fashion_accessories,Female,Naypyitaw
Credit_card,273.0525,7,37.15,Member,Health_and_beauty,Female,Naypyitaw
Credit_card,429.1665,7,58.39,Member,Sports_and_travel,Male,Naypyitaw
Ewallet,122.5245,7,16.67,Normal,Home_and_lifestyle,Male,Naypyitaw
Ewallet,543.753,7,73.98,Normal,Sports_and_travel,Female,Naypyitaw
Ewallet,178.164,7,24.24,Member,Home_and_lifestyle,Female,Naypyitaw
Cash,381.3915,7,51.89,Member,Fashion_accessories,Female,Naypyitaw
Credit_card,125.979,7,17.14,Member,Sports_and_travel,Male,Naypyitaw
Ewallet,404.544,7,55.04,Member,Food_and_beverages,Male,Naypyitaw
Cash,539.343,7,73.38,Member,Fashion_accessories,Female,Naypyitaw
Cash,270.2595,7,36.77,Member,Food_and_beverages,Female,Naypyitaw
Credit_card,596.82,7,81.2,Member,Home_and_lifestyle,Female,Naypyitaw
Cash,408.7335,7,55.61,Normal,Home_and_lifestyle,Male,Naypyitaw
Cash,597.0405,7,81.23,Member,Health_and_beauty,Male,Naypyitaw
Credit_card,631.1445,7,85.87,Member,Health_and_beauty,Female,Naypyitaw
Ewallet,499.7265,7,67.99,Member,Sports_and_travel,Female,Naypyitaw
Credit_card,480.0285,7,65.31,Member,Health_and_beauty,Male,Naypyitaw
Ewallet,495.3165,7,67.39,Member,Fashion_accessories,Male,Naypyitaw
Cash,333.984,7,45.44,Normal,Fashion_accessories,Female,Naypyitaw
Ewallet,390.9465,7,53.19,Normal,Health_and_beauty,Male,Naypyitaw
Ewallet,446.439,7,60.74,Normal,Fashion_accessories,Male,Naypyitaw
Cash,629.16,7,85.6,Member,Health_and_beauty,Male,Naypyitaw
Credit_card,611.079,7,83.14,Normal,Sports_and_travel,Female,Naypyitaw
Ewallet,470.988,7,64.08,Normal,Health_and_beauty,Male,Naypyitaw
Ewallet,579.8415,7,78.89,Normal,Health_and_beauty,Female,Naypyitaw
Cash,734.706,7,99.96,Normal,Health_and_beauty,Male,Naypyitaw
Cash,708.3195,7,96.37,Normal,Electronic_accessories,Male,Naypyitaw
Ewallet,548.9715,7,74.69,Member,Health_and_beauty,Female,Yangon
Credit_card,340.5255,7,46.33,Normal,Home_and_lifestyle,Male,Yangon
Ewallet,634.3785,7,86.31,Normal,Sports_and_travel,Male,Yangon
Credit_card,506.6355,7,68.93,Member,Health_and_beauty,Female,Yangon
Credit_card,362.943,7,49.38,Member,Food_and_beverages,Male,Yangon
Ewallet,161.553,7,21.98,Member,Sports_and_travel,Female,Yangon
Credit_card,688.6215,7,93.69,Normal,Home_and_lifestyle,Female,Yangon
Credit_card,336.5565,7,45.79,Normal,Food_and_beverages,Male,Yangon
Credit_card,510.972,7,69.52,Member,Sports_and_travel,Male,Yangon
Credit_card,90.699,7,12.34,Normal,Sports_and_travel,Female,Yangon
Credit_card,723.24,7,98.4,Member,Sports_and_travel,Female,Yangon
Cash,697.368,7,94.88,Member,Home_and_lifestyle,Female,Yangon
Ewallet,530.67,7,72.2,Member,Electronic_accessories,Male,Yangon
Cash,295.6905,7,40.23,Normal,Sports_and_travel,Female,Yangon
Cash,191.247,7,26.02,Normal,Electronic_accessories,Male,Yangon
Cash,379.9215,7,51.69,Normal,Electronic_accessories,Male,Yangon
Cash,185.367,7,25.22,Member,Electronic_accessories,Female,Yangon
Cash,390.7995,7,53.17,Member,Health_and_beauty,Male,Yangon
Cash,140.385,7,19.1,Normal,Sports_and_travel,Female,Yangon
Ewallet,398.958,7,54.28,Normal,Fashion_accessories,Female,Yangon
Cash,731.6925,7,99.55,Normal,Electronic_accessories,Male,Yangon
Cash,142.002,7,19.32,Member,Electronic_accessories,Male,Yangon
Ewallet,74.4555,7,10.13,Member,Food_and_beverages,Male,Yangon
Ewallet,394.3275,7,53.65,Member,Fashion_accessories,Female,Yangon
Credit_card,212.7825,7,28.95,Normal,Health_and_beauty,Male,Yangon
Ewallet,525.231,7,71.46,Member,Fashion_accessories,Female,Yangon
Credit_card,548.163,7,74.58,Normal,Electronic_accessories,Male,Yangon
Ewallet,432.9885,7,58.91,Normal,Sports_and_travel,Male,Yangon
Credit_card,680.61,7,92.6,Member,Electronic_accessories,Male,Yangon
Credit_card,182.427,7,24.82,Member,Food_and_beverages,Male,Yangon
Cash,335.013,7,45.58,Normal,Sports_and_travel,Male,Yangon
Cash,84.7455,7,11.53,Normal,Food_and_beverages,Male,Yangon
Cash,74.088,7,10.08,Member,Health_and_beauty,Male,Yangon
Credit_card,690.018,7,93.88,Normal,Electronic_accessories,Female,Yangon
Cash,312.8895,7,42.57,Normal,Fashion_accessories,Female,Yangon
Cash,649.299,7,88.34,Member,Fashion_accessories,Female,Yangon
Cash,703.752,8,83.78,Normal,Sports_and_travel,Male,Mandalay
Cash,253.008,8,30.12,Member,Home_and_lifestyle,Male,Mandalay
Ewallet,474.348,8,56.47,Member,Fashion_accessories,Female,Mandalay
Credit_card,603.624,8,71.86,Member,Home_and_lifestyle,Male,Mandalay
Ewallet,357.588,8,42.57,Member,Health_and_beauty,Male,Mandalay
Ewallet,166.236,8,19.79,Normal,Food_and_beverages,Male,Mandalay
Ewallet,793.716,8,94.49,Member,Home_and_lifestyle,Female,Mandalay
Ewallet,796.908,8,94.87,Normal,Fashion_accessories,Male,Mandalay
Credit_card,788.508,8,93.87,Normal,Home_and_lifestyle,Male,Mandalay
Cash,125.664,8,14.96,Normal,Electronic_accessories,Female,Mandalay
Credit_card,213.528,8,25.42,Member,Fashion_accessories,Male,Mandalay
Credit_card,742.812,8,88.43,Member,Sports_and_travel,Female,Mandalay
Cash,609.588,8,72.57,Member,Health_and_beauty,Male,Mandalay
Ewallet,212.688,8,25.32,Member,Health_and_beauty,Female,Mandalay
Cash,637.728,8,75.92,Normal,Sports_and_travel,Male,Mandalay
Ewallet,356.328,8,42.42,Normal,Electronic_accessories,Female,Mandalay
Ewallet,769.104,8,91.56,Member,Electronic_accessories,Male,Mandalay
Ewallet,300.216,8,35.74,Member,Electronic_accessories,Female,Mandalay
Ewallet,801.864,8,95.46,Normal,Home_and_lifestyle,Female,Mandalay
Ewallet,90.3,8,10.75,Normal,Health_and_beauty,Male,Mandalay
Ewallet,446.964,8,53.21,Normal,Food_and_beverages,Female,Mandalay
Cash,99.54,8,11.85,Member,Sports_and_travel,Female,Mandalay
Cash,177.408,8,21.12,Normal,Food_and_beverages,Male,Mandalay
Credit_card,760.452,8,90.53,Member,Sports_and_travel,Male,Mandalay
Ewallet,101.64,8,12.1,Member,Electronic_accessories,Female,Mandalay
Cash,486.444,8,57.91,Normal,Electronic_accessories,Female,Mandalay
Credit_card,832.944,8,99.16,Normal,Health_and_beauty,Male,Mandalay
Ewallet,222.012,8,26.43,Normal,Food_and_beverages,Female,Mandalay
Credit_card,520.8,8,62.0,Member,Health_and_beauty,Male,Mandalay
Credit_card,633.108,8,75.37,Member,Health_and_beauty,Male,Mandalay
Ewallet,461.328,8,54.92,Normal,Health_and_beauty,Female,Naypyitaw
Cash,829.08,8,98.7,Member,Food_and_beverages,Female,Naypyitaw
Cash,722.232,8,85.98,Normal,Electronic_accessories,Female,Naypyitaw
Ewallet,161.7,8,19.25,Normal,Food_and_beverages,Male,Naypyitaw
Credit_card,536.844,8,63.91,Member,Home_and_lifestyle,Male,Naypyitaw
Ewallet,575.736,8,68.54,Member,Food_and_beverages,Female,Naypyitaw
Cash,680.148,8,80.97,Normal,Sports_and_travel,Female,Naypyitaw
Credit_card,362.712,8,43.18,Normal,Food_and_beverages,Female,Naypyitaw
Cash,175.14,8,20.85,Normal,Electronic_accessories,Male,Naypyitaw
Cash,323.148,8,38.47,Member,Food_and_beverages,Male,Naypyitaw
Ewallet,288.204,8,34.31,Normal,Health_and_beauty,Male,Naypyitaw
Cash,749.7,8,89.25,Member,Home_and_lifestyle,Female,Naypyitaw
Cash,793.548,8,94.47,Normal,Food_and_beverages,Female,Naypyitaw
Credit_card,343.224,8,40.86,Normal,Electronic_accessories,Female,Naypyitaw
Cash,554.148,8,65.97,Normal,Food_and_beverages,Male,Naypyitaw
Ewallet,743.82,8,88.55,Member,Electronic_accessories,Female,Naypyitaw
Credit_card,609.168,8,72.52,Member,Food_and_beverages,Female,Naypyitaw
Credit_card,282.576,8,33.64,Normal,Health_and_beauty,Male,Naypyitaw
Ewallet,507.444,8,60.41,Normal,Fashion_accessories,Female,Naypyitaw
Ewallet,131.208,8,15.62,Normal,Fashion_accessories,Male,Naypyitaw
Ewallet,829.08,8,98.7,Member,Fashion_accessories,Male,Naypyitaw
Cash,239.4,8,28.5,Member,Health_and_beauty,Female,Naypyitaw
Credit_card,266.028,8,31.67,Member,Sports_and_travel,Female,Naypyitaw
Cash,183.12,8,21.8,Normal,Health_and_beauty,Male,Naypyitaw
Cash,369.684,8,44.01,Normal,Home_and_lifestyle,Female,Naypyitaw
Ewallet,603.876,8,71.89,Normal,Electronic_accessories,Male,Naypyitaw
Ewallet,253.68,8,30.2,Member,Electronic_accessories,Female,Naypyitaw
Ewallet,548.184,8,65.26,Normal,Home_and_lifestyle,Male,Naypyitaw
Credit_card,85.512,8,10.18,Member,Fashion_accessories,Female,Naypyitaw
Ewallet,102.396,8,12.19,Normal,Fashion_accessories,Female,Naypyitaw
Ewallet,489.048,8,58.22,Member,Health_and_beauty,Male,Yangon
Credit_card,441.756,8,52.59,Member,Home_and_lifestyle,Female,Yangon
Ewallet,752.64,8,89.6,Normal,Health_and_beauty,Male,Yangon
Credit_card,836.304,8,99.56,Normal,Electronic_accessories,Female,Yangon
Ewallet,609.0,8,72.5,Normal,Sports_and_travel,Male,Yangon
Credit_card,272.664,8,32.46,Normal,Health_and_beauty,Male,Yangon
Credit_card,186.228,8,22.17,Member,Food_and_beverages,Male,Yangon
Ewallet,532.728,8,63.42,Normal,Home_and_lifestyle,Female,Yangon
Cash,399.756,8,47.59,Member,Home_and_lifestyle,Male,Yangon
Cash,494.76,8,58.9,Member,Home_and_lifestyle,Male,Yangon
Credit_card,587.664,8,69.96,Normal,Home_and_lifestyle,Female,Yangon
Cash,745.836,8,88.79,Member,Home_and_lifestyle,Female,Yangon
Credit_card,680.064,8,80.96,Member,Food_and_beverages,Male,Yangon
Ewallet,427.812,8,50.93,Normal,Home_and_lifestyle,Male,Yangon
Cash,432.768,8,51.52,Member,Sports_and_travel,Female,Yangon
Ewallet,203.112,8,24.18,Member,Electronic_accessories,Male,Yangon
Credit_card,728.112,8,86.68,Member,Fashion_accessories,Male,Yangon
Credit_card,817.236,8,97.29,Normal,Fashion_accessories,Female,Yangon
Ewallet,536.592,8,63.88,Member,Fashion_accessories,Female,Yangon
Cash,408.408,8,48.62,Member,Electronic_accessories,Female,Yangon
Ewallet,284.592,8,33.88,Normal,Food_and_beverages,Male,Yangon
Cash,88.704,8,10.56,Normal,Electronic_accessories,Male,Yangon
Credit_card,756.168,8,90.02,Normal,Electronic_accessories,Female,Yangon
Cash,782.208,8,93.12,Normal,Home_and_lifestyle,Female,Yangon
Ewallet,431.256,8,51.34,Member,Fashion_accessories,Male,Yangon
Cash,737.7615,9,78.07,Member,Sports_and_travel,Male,Mandalay
Credit_card,535.7205,9,56.69,Member,Health_and_beauty,Male,Mandalay
Ewallet,189.0945,9,20.01,Member,Food_and_beverages,Female,Mandalay
Ewallet,520.4115,9,55.07,Member,Sports_and_travel,Female,Mandalay
Credit_card,608.202,9,64.36,Member,Health_and_beauty,Male,Mandalay
Credit_card,944.622,9,99.96,Member,Sports_and_travel,Male,Mandalay
Ewallet,853.146,9,90.28,Normal,Sports_and_travel,Female,Mandalay
Ewallet,918.729,9,97.22,Member,Health_and_beauty,Male,Mandalay
Credit_card,942.4485,9,99.73,Normal,Electronic_accessories,Female,Mandalay
Ewallet,655.5465,9,69.37,Member,Health_and_beauty,Male,Mandalay
Cash,794.6505,9,84.09,Normal,Health_and_beauty,Female,Mandalay
Ewallet,439.8975,9,46.55,Member,Food_and_beverages,Male,Mandalay
Cash,208.089,9,22.02,Normal,Home_and_lifestyle,Male,Mandalay
Credit_card,404.649,9,42.82,Member,Food_and_beverages,Female,Mandalay
Cash,255.15,9,27.0,Member,Home_and_lifestyle,Male,Mandalay
Credit_card,334.341,9,35.38,Member,Home_and_lifestyle,Female,Mandalay
Cash,128.4255,9,13.59,Normal,Home_and_lifestyle,Male,Mandalay
Cash,181.818,9,19.24,Member,Electronic_accessories,Male,Mandalay
Cash,383.7645,9,40.61,Member,Fashion_accessories,Male,Mandalay
Credit_card,731.43,9,77.4,Member,Food_and_beverages,Female,Mandalay
Ewallet,734.076,9,77.68,Member,Home_and_lifestyle,Female,Mandalay
Cash,513.2295,9,54.31,Normal,Fashion_accessories,Female,Mandalay
Cash,550.368,9,58.24,Normal,Health_and_beauty,Female,Mandalay
Cash,203.931,9,21.58,Normal,Electronic_accessories,Male,Mandalay
Ewallet,352.674,9,37.32,Member,Sports_and_travel,Male,Mandalay
Cash,760.4415,9,80.47,Member,Health_and_beauty,Male,Mandalay
Cash,835.2855,9,88.39,Member,Home_and_lifestyle,Female,Mandalay
Credit_card,116.1405,9,12.29,Member,Home_and_lifestyle,Female,Mandalay
Ewallet,830.3715,9,87.87,Member,Electronic_accessories,Male,Mandalay
Cash,714.3255,9,75.59,Member,Electronic_accessories,Female,Mandalay
Credit_card,681.4395,9,72.11,Member,Health_and_beauty,Female,Mandalay
Cash,345.0195,9,36.51,Normal,Fashion_accessories,Female,Mandalay
Credit_card,106.596,9,11.28,Normal,Home_and_lifestyle,Female,Mandalay
Credit_card,833.9625,9,88.25,Normal,Electronic_accessories,Female,Mandalay
Credit_card,463.428,9,49.04,Member,Fashion_accessories,Male,Naypyitaw
Cash,742.2975,9,78.55,Normal,Fashion_accessories,Male,Naypyitaw
Cash,218.0115,9,23.07,Normal,Electronic_accessories,Female,Naypyitaw
Cash,321.111,9,33.98,Normal,Food_and_beverages,Female,Naypyitaw
Credit_card,763.4655,9,80.79,Member,Home_and_lifestyle,Female,Naypyitaw
Credit_card,299.8485,9,31.73,Normal,Fashion_accessories,Female,Naypyitaw
Cash,829.71,9,87.8,Normal,Food_and_beverages,Female,Naypyitaw
Credit_card,629.8425,9,66.65,Member,Electronic_accessories,Female,Naypyitaw
Cash,881.307,9,93.26,Normal,Food_and_beverages,Female,Naypyitaw
Cash,224.4375,9,23.75,Normal,Sports_and_travel,Female,Naypyitaw
Cash,216.6885,9,22.93,Normal,Food_and_beverages,Female,Naypyitaw
Cash,484.974,9,51.32,Normal,Electronic_accessories,Female,Naypyitaw
Ewallet,510.9615,9,54.07,Member,Fashion_accessories,Female,Naypyitaw
Ewallet,937.818,9,99.24,Normal,Sports_and_travel,Male,Naypyitaw
Ewallet,154.1295,9,16.31,Normal,Food_and_beverages,Female,Naypyitaw
Ewallet,440.937,9,46.66,Normal,Sports_and_travel,Female,Naypyitaw
Cash,935.2665,9,98.97,Member,Food_and_beverages,Female,Naypyitaw
Cash,663.2955,9,70.19,Member,Sports_and_travel,Female,Naypyitaw
Cash,497.07,9,52.6,Normal,Food_and_beverages,Female,Naypyitaw
Ewallet,733.6035,9,77.63,Normal,Electronic_accessories,Female,Naypyitaw
Ewallet,130.8825,9,13.85,Normal,Health_and_beauty,Female,Naypyitaw
Cash,856.4535,9,90.63,Member,Sports_and_travel,Female,Naypyitaw
Cash,688.716,9,72.88,Member,Food_and_beverages,Female,Naypyitaw
Credit_card,423.738,9,44.84,Member,Electronic_accessories,Female,Naypyitaw
Credit_card,338.2155,9,35.79,Member,Home_and_lifestyle,Female,Naypyitaw
Cash,943.299,9,99.82,Member,Fashion_accessories,Male,Naypyitaw
Cash,477.1305,9,50.49,Member,Food_and_beverages,Male,Naypyitaw
Cash,235.2105,9,24.89,Normal,Health_and_beauty,Male,Yangon
Ewallet,575.316,9,60.88,Normal,Electronic_accessories,Female,Yangon
Ewallet,705.6315,9,74.67,Normal,Home_and_lifestyle,Male,Yangon
Credit_card,189.0945,9,20.01,Member,Fashion_accessories,Female,Yangon
Ewallet,548.7615,9,58.07,Member,Home_and_lifestyle,Male,Yangon
Credit_card,786.618,9,83.24,Normal,Fashion_accessories,Male,Yangon
Ewallet,319.788,9,33.84,Member,Home_and_lifestyle,Male,Yangon
Ewallet,217.6335,9,23.03,Normal,Health_and_beauty,Female,Yangon
Ewallet,247.8735,9,26.23,Normal,Electronic_accessories,Male,Yangon
Credit_card,235.683,9,24.94,Normal,Food_and_beverages,Male,Yangon
Ewallet,709.317,9,75.06,Normal,Electronic_accessories,Female,Yangon
Credit_card,203.553,9,21.54,Member,Home_and_lifestyle,Female,Yangon
Cash,146.9475,9,15.55,Member,Health_and_beauty,Female,Yangon
Ewallet,721.98,9,76.4,Normal,Fashion_accessories,Male,Yangon
Ewallet,736.4385,9,77.93,Normal,Fashion_accessories,Female,Yangon
Credit_card,203.175,9,21.5,Member,Electronic_accessories,Male,Yangon
Credit_card,843.0345,9,89.21,Member,Home_and_lifestyle,Female,Yangon
Cash,926.9505,9,98.09,Normal,Sports_and_travel,Male,Yangon
Credit_card,575.9775,9,60.95,Normal,Sports_and_travel,Male,Yangon
Cash,621.243,9,65.74,Normal,Fashion_accessories,Female,Yangon
Ewallet,365.904,9,38.72,Member,Sports_and_travel,Female,Yangon
Ewallet,182.952,9,19.36,Member,Home_and_lifestyle,Male,Yangon
Credit_card,657.531,9,69.58,Member,Electronic_accessories,Male,Yangon
Cash,887.922,9,93.96,Normal,Home_and_lifestyle,Male,Yangon
Cash,462.672,9,48.96,Member,Fashion_accessories,Female,Yangon
Cash,450.1035,9,47.63,Member,Food_and_beverages,Female,Yangon
Ewallet,331.128,9,35.04,Member,Food_and_beverages,Male,Yangon
Credit_card,374.409,9,39.62,Member,Health_and_beauty,Female,Yangon
Cash,932.337,9,98.66,Member,Food_and_beverages,Female,Yangon
Ewallet,314.685,9,33.3,Normal,Home_and_lifestyle,Female,Yangon
Ewallet,921.186,9,97.48,Member,Sports_and_travel,Female,Yangon
Ewallet,922.635,10,87.87,Normal,Health_and_beauty,Male,Mandalay
Cash,545.055,10,51.91,Normal,Sports_and_travel,Male,Mandalay
Credit_card,418.95,10,39.9,Normal,Food_and_beverages,Male,Mandalay
Ewallet,271.95,10,25.9,Member,Health_and_beauty,Male,Mandalay
Cash,783.3,10,74.6,Member,Food_and_beverages,Female,Mandalay
Credit_card,423.15,10,40.3,Member,Electronic_accessories,Male,Mandalay
Ewallet,190.155,10,18.11,Normal,Health_and_beauty,Male,Mandalay
Credit_card,141.75,10,13.5,Normal,Health_and_beauty,Female,Mandalay
Cash,398.475,10,37.95,Normal,Fashion_accessories,Female,Mandalay
Cash,359.205,10,34.21,Normal,Health_and_beauty,Female,Mandalay
Cash,833.595,10,79.39,Normal,Electronic_accessories,Male,Mandalay
Credit_card,767.025,10,73.05,Member,Food_and_beverages,Female,Mandalay
Ewallet,360.885,10,34.37,Normal,Sports_and_travel,Male,Mandalay
Cash,633.99,10,60.38,Member,Home_and_lifestyle,Male,Mandalay
Cash,431.445,10,41.09,Normal,Fashion_accessories,Female,Mandalay
Credit_card,570.78,10,54.36,Member,Food_and_beverages,Female,Mandalay
Ewallet,240.975,10,22.95,Normal,Electronic_accessories,Male,Mandalay
Cash,280.035,10,26.67,Member,Sports_and_travel,Male,Mandalay
Credit_card,874.125,10,83.25,Normal,Fashion_accessories,Female,Mandalay
Cash,867.09,10,82.58,Member,Health_and_beauty,Male,Mandalay
Credit_card,697.935,10,66.47,Member,Health_and_beauty,Male,Mandalay
Credit_card,207.585,10,19.77,Member,Fashion_accessories,Female,Mandalay
Credit_card,732.27,10,69.74,Normal,Sports_and_travel,Male,Mandalay
Credit_card,684.915,10,65.23,Member,Fashion_accessories,Male,Mandalay
Credit_card,810.6,10,77.2,Member,Food_and_beverages,Female,Mandalay
Credit_card,757.365,10,72.13,Normal,Electronic_accessories,Male,Mandalay
Credit_card,1022.385,10,97.37,Normal,Home_and_lifestyle,Female,Mandalay
Ewallet,554.295,10,52.79,Normal,Electronic_accessories,Female,Mandalay
Cash,225.015,10,21.43,Member,Electronic_accessories,Female,Mandalay
Ewallet,348.705,10,33.21,Member,Food_and_beverages,Female,Mandalay
Credit_card,335.895,10,31.99,Member,Sports_and_travel,Male,Mandalay
Credit_card,514.605,10,49.01,Normal,Home_and_lifestyle,Female,Mandalay
Credit_card,888.615,10,84.63,Member,Food_and_beverages,Female,Mandalay
Ewallet,804.3,10,76.6,Normal,Sports_and_travel,Female,Mandalay
Ewallet,183.645,10,17.49,Normal,Fashion_accessories,Male,Mandalay
Ewallet,1022.49,10,97.38,Normal,Home_and_lifestyle,Female,Mandalay
Ewallet,772.38,10,73.56,Normal,Home_and_lifestyle,Female,Naypyitaw
Ewallet,867.615,10,82.63,Member,Fashion_accessories,Female,Naypyitaw
Credit_card,939.54,10,89.48,Normal,Food_and_beverages,Male,Naypyitaw
Cash,652.26,10,62.12,Normal,Fashion_accessories,Male,Naypyitaw
Credit_card,437.325,10,41.65,Normal,Electronic_accessories,Female,Naypyitaw
Ewallet,822.255,10,78.31,Member,Food_and_beverages,Female,Naypyitaw
Ewallet,471.03,10,44.86,Normal,Sports_and_travel,Female,Naypyitaw
Cash,860.685,10,81.97,Member,Electronic_accessories,Male,Naypyitaw
Credit_card,942.9,10,89.8,Member,Sports_and_travel,Female,Naypyitaw
Cash,950.25,10,90.5,Member,Health_and_beauty,Male,Naypyitaw
Cash,720.3,10,68.6,Member,Health_and_beauty,Female,Naypyitaw
Cash,1003.59,10,95.58,Normal,Home_and_lifestyle,Male,Naypyitaw
Ewallet,299.565,10,28.53,Member,Home_and_lifestyle,Female,Naypyitaw
Credit_card,369.495,10,35.19,Member,Fashion_accessories,Male,Naypyitaw
Cash,229.11,10,21.82,Member,Home_and_lifestyle,Female,Naypyitaw
Cash,745.395,10,70.99,Member,Fashion_accessories,Male,Naypyitaw
Cash,820.365,10,78.13,Member,Electronic_accessories,Female,Naypyitaw
Credit_card,1042.65,10,99.3,Member,Fashion_accessories,Female,Naypyitaw
Credit_card,394.275,10,37.55,Normal,Fashion_accessories,Female,Naypyitaw
Cash,1002.12,10,95.44,Normal,Sports_and_travel,Female,Naypyitaw
Cash,150.78,10,14.36,Normal,Sports_and_travel,Female,Naypyitaw
Credit_card,1020.705,10,97.21,Member,Fashion_accessories,Female,Naypyitaw
Credit_card,290.43,10,27.66,Member,Food_and_beverages,Male,Naypyitaw
Cash,488.985,10,46.57,Member,Electronic_accessories,Female,Naypyitaw
Credit_card,572.775,10,54.55,Member,Sports_and_travel,Female,Naypyitaw
Cash,344.4,10,32.8,Normal,Electronic_accessories,Female,Naypyitaw
Credit_card,388.29,10,36.98,Member,Sports_and_travel,Female,Naypyitaw
Credit_card,127.26,10,12.12,Member,Home_and_lifestyle,Female,Naypyitaw
Ewallet,1034.46,10,98.52,Member,Food_and_beverages,Female,Naypyitaw
Credit_card,936.6,10,89.2,Normal,Food_and_beverages,Male,Naypyitaw
Credit_card,517.965,10,49.33,Normal,Sports_and_travel,Female,Naypyitaw
Cash,625.905,10,59.61,Normal,Fashion_accessories,Male,Naypyitaw
Ewallet,814.38,10,77.56,Normal,Food_and_beverages,Male,Naypyitaw
Cash,259.77,10,24.74,Normal,Electronic_accessories,Male,Naypyitaw
Credit_card,914.55,10,87.1,Member,Food_and_beverages,Female,Naypyitaw
Ewallet,618.975,10,58.95,Normal,Health_and_beauty,Male,Naypyitaw
Ewallet,1023.75,10,97.5,Normal,Home_and_lifestyle,Male,Naypyitaw
Credit_card,860.475,10,81.95,Member,Health_and_beauty,Male,Naypyitaw
Ewallet,616.98,10,58.76,Normal,Electronic_accessories,Male,Naypyitaw
Ewallet,652.89,10,62.18,Normal,Fashion_accessories,Female,Naypyitaw
Cash,681.975,10,64.95,Normal,Electronic_accessories,Male,Naypyitaw
Cash,586.635,10,55.87,Normal,Electronic_accessories,Male,Naypyitaw
Credit_card,888.405,10,84.61,Normal,Health_and_beauty,Male,Naypyitaw
Cash,165.9,10,15.8,Normal,Home_and_lifestyle,Female,Naypyitaw
Ewallet,864.57,10,82.34,Member,Electronic_accessories,Male,Naypyitaw
Ewallet,453.495,10,43.19,Normal,Food_and_beverages,Male,Yangon
Cash,749.49,10,71.38,Normal,Health_and_beauty,Female,Yangon
Cash,759.675,10,72.35,Member,Home_and_lifestyle,Female,Yangon
Credit_card,166.005,10,15.81,Member,Sports_and_travel,Male,Yangon
Cash,166.635,10,15.87,Member,Health_and_beauty,Male,Yangon
Cash,827.085,10,78.77,Normal,Sports_and_travel,Male,Yangon
Ewallet,931.035,10,88.67,Member,Electronic_accessories,Male,Yangon
Ewallet,115.08,10,10.96,Normal,Food_and_beverages,Female,Yangon
Ewallet,316.47,10,30.14,Member,Fashion_accessories,Female,Yangon
Credit_card,1039.29,10,98.98,Normal,Fashion_accessories,Male,Yangon
Ewallet,162.75,10,15.5,Member,Sports_and_travel,Male,Yangon
Ewallet,545.37,10,51.94,Member,Health_and_beauty,Male,Yangon
Cash,233.52,10,22.24,Member,Sports_and_travel,Female,Yangon
Ewallet,373.17,10,35.54,Member,Home_and_lifestyle,Female,Yangon
Credit_card,462.21,10,44.02,Member,Sports_and_travel,Male,Yangon
Credit_card,339.36,10,32.32,Normal,Health_and_beauty,Female,Yangon
Credit_card,548.73,10,52.26,Member,Sports_and_travel,Female,Yangon
Ewallet,951.825,10,90.65,Member,Home_and_lifestyle,Female,Yangon
Credit_card,452.865,10,43.13,Member,Fashion_accessories,Male,Yangon
Credit_card,206.43,10,19.66,Member,Fashion_accessories,Female,Yangon
Ewallet,308.91,10,29.42,Normal,Fashion_accessories,Female,Yangon
Credit_card,852.705,10,81.21,Normal,Food_and_beverages,Female,Yangon
Ewallet,708.225,10,67.45,Member,Food_and_beverages,Male,Yangon
Credit_card,673.995,10,64.19,Normal,Sports_and_travel,Male,Yangon
Cash,764.19,10,72.78,Member,Home_and_lifestyle,Male,Yangon
Ewallet,588.42,10,56.04,Member,Fashion_accessories,Male,Yangon
Credit_card,477.54,10,45.48,Normal,Electronic_accessories,Female,Yangon
Cash,667.38,10,63.56,Member,Home_and_lifestyle,Male,Yangon
Cash,510.615,10,48.63,Member,Health_and_beauty,Male,Yangon
Ewallet,182.91,10,17.42,Member,Electronic_accessories,Female,Yangon
Ewallet,197.925,10,18.85,Member,Food_and_beverages,Male,Yangon
Cash,257.145,10,24.49,Member,Sports_and_travel,Female,Yangon
Credit_card,422.73,10,40.26,Normal,Electronic_accessories,Female,Yangon
Credit_card,779.31,10,74.22,Member,Electronic_accessories,Female,Yangon
Ewallet,771.435,10,73.47,Member,Electronic_accessories,Female,Yangon
Ewallet,807.66,10,76.92,Member,Sports_and_travel,Male,Yangon
Ewallet,781.62,10,74.44,Normal,Food_and_beverages,Female,Yangon
Ewallet,479.64,10,45.68,Normal,Home_and_lifestyle,Female,Yangon